-- =========================
-- USERS
-- =========================

-- Students (10)
INSERT INTO users (name, email, role, program, year, hostel, room)
VALUES
('Rahul Sharma','rahul1@test.com','student','btech',2,'BSH','101'),
('Aman Verma','aman@test.com','student','btech',3,'BSH','102'),
('Priya Singh','priya@test.com','student','bba',1,'GH','201'),
('Neha Gupta','neha@test.com','student','bcom',2,'GH','202'),
('Arjun Mehta','arjun@test.com','student','mba',1,'BSH','103'),
('Karan Patel','karan@test.com','student','btech',4,'BSH','104'),
('Simran Kaur','simran@test.com','student','ballb',3,'GH','203'),
('Rohit Yadav','rohit@test.com','student','btech',2,'BSH','105'),
('Sneha Jain','sneha@test.com','student','bba',1,'GH','204'),
('Vikas Roy','vikas@test.com','student','bcom',2,'BSH','106');

-- Wardens (2)
INSERT INTO users (name, email, role)
VALUES
('Warden A','warden1@test.com','warden'),
('Warden B','warden2@test.com','warden');

-- Chief Warden
INSERT INTO users (name, email, role)
VALUES ('Chief Warden','chief@test.com','chief_warden');

-- DSW
INSERT INTO users (name, email, role)
VALUES ('DSW Officer','dsw@test.com','dsw');

-- Admin
INSERT INTO users (name, email, role)
VALUES ('Admin User','admin@test.com','admin');


-- =========================
-- CASES (5)
-- =========================

INSERT INTO cases (student_id, created_by, assigned_to_role, reported_by, offense_type, severity, status, description, location, penalty_points)
VALUES
(1, 11, 'chief_warden', 11, 'smoking', 'low', 'pending_chief', 'Smoking in hostel', 'BSH', 10),
(2, 11, 'dsw', 11, 'alcohol', 'medium', 'pending_dsw', 'Alcohol possession', 'BSH', 20),
(3, 12, NULL, 12, 'late entry', 'low', 'resolved', 'Late hostel entry', 'GH', 5),
(4, 12, 'chief_warden', 12, 'noise', 'low', 'pending_chief', 'Disturbing others', 'GH', 5),
(5, 11, 'admin', 11, 'ragging', 'high', 'pending_admin', 'Ragging junior', 'BSH', 50);


-- =========================
-- CASE TIMELINE
-- =========================

INSERT INTO case_timeline (case_id, event, performed_by)
VALUES
(1, 'Case Created', 11),
(2, 'Case Created', 11),
(2, 'Investigation Started', 11),
(3, 'Case Created', 12),
(3, 'Resolved', 14);


-- =========================
-- RULES
-- =========================

INSERT INTO rules (question, weight, category)
VALUES
('Was the student intoxicated?', 1.0, 'severity'),
('Was this a repeated offense?', 1.0, 'history'),
('Did it involve others?', 0.5, 'impact'),
('Was property damaged?', 1.0, 'damage'),
('Was it in hostel premises?', 0.5, 'location');


-- =========================
-- EVIDENCE
-- =========================

INSERT INTO evidence (case_id, file_url, file_type, uploaded_by)
VALUES
(1, 'http://example.com/img1.jpg', 'image', 11),
(2, 'http://example.com/img2.jpg', 'image', 11),
(3, 'http://example.com/doc1.pdf', 'pdf', 12),
(4, 'http://example.com/img3.jpg', 'image', 12),
(5, 'http://example.com/img4.jpg', 'image', 11);


-- =========================
-- NOTIFICATIONS
-- =========================

INSERT INTO notifications (user_id, message, case_id, is_read)
VALUES
(13, 'New case created by Warden. Click to review.', 1, FALSE),
(14, 'Case approved by Chief Warden. Ready for review.', 2, FALSE),
(15, 'Case forwarded by DSW. Final decision required.', 5, FALSE),
(11, 'Your case has moved to the next review stage.', 2, FALSE),
(12, 'Your case has been resolved by Admin.', 3, TRUE);